,precision,recall,f1-score,support
Benign,0.6188239143495506,0.9458949490727019,0.7481692373240402,12162.1
Mirai,0.9886190321198173,0.8897125028034201,0.9365612633272906,64251.6
accuracy,0.8986537747249446,0.8986537747249446,0.8986537747249446,0.8986537747249446
macro avg,0.8037214732346838,0.9178037259380606,0.8423652503256652,76413.7
weighted avg,0.9297652029066072,0.8986537747249446,0.9065785474857367,76413.7
